{
    "res1": [
        1016,
        1016
    ],
    "res2": [
        1016,
        1016
    ],
    "intrinsic1": [
        [
            582.8983565475432,
            0.0,
            500.0454211570017
        ],
        [
            0.0,
            582.3494962765122,
            514.2363180707218
        ],
        [
            0.0,
            0.0,
            1.0
        ]
    ],
    "intrinsic2": [
        [
            580.0586542700374,
            0.0,
            507.85052555289326
        ],
        [
            0.0,
            580.7414919153624,
            507.0924334747072
        ],
        [
            0.0,
            0.0,
            1.0
        ]
    ],
    "R": [
        [
            0.765925136426382,
            0.2871329525398533,
            -0.5752506870538917
        ],
        [
            -0.13804489689944666,
            0.9473108426484657,
            0.2890428581381577
        ],
        [
            0.6279349423548982,
            -0.14197476876684956,
            0.7652064252235147
        ]
    ],
    "T": [
        [
            -85.48011455300414
        ],
        [
            35.75720172501026
        ],
        [
            -10.191698417549004
        ]
    ],
    "distCoeffs1": [
        -0.24025431609239087,
        0.050547049844700244,
        -0.0003765150735506072,
        0.0008726191480362063,
        -0.00505746565086249
    ],
    "distCoeffs2": [
        -0.23344813886715868,
        0.03690644651420333,
        -0.0008782669748725655,
        -0.0011569187829933787,
        0.0009003074702793695
    ],
    "F": [
        [
            1.443263344494224e-06,
            3.142412665013839e-07,
            0.0003281788177808004
        ],
        [
            3.1418593303161305e-06,
            -1.0326716919901264e-06,
            0.001805574604183696
        ],
        [
            -0.0029462033472264196,
            -0.0032688173244088833,
            0.9999999999999999
        ]
    ],
    "E": [
        [
            21.04628444668598,
            4.578085969289455,
            30.307478147881696
        ],
        [
            45.86987280345299,
            -15.062391955853172,
            71.27271440174196
        ],
        [
            -15.587246009031801,
            -91.24331025275906,
            -4.138061764940694
        ]
    ],
    "reprojectionError": 0.1754491353122833
}