{
    "res1": [
        1016,
        1016
    ],
    "res2": [
        4096,
        3072
    ],
    "intrinsic1": [
        [
            516.8097743524593,
            0.0,
            213.96046054178015
        ],
        [
            0.0,
            598.6574871413985,
            299.88053348587107
        ],
        [
            0.0,
            0.0,
            1.0
        ]
    ],
    "intrinsic2": [
        [
            4339.651814367487,
            0.0,
            -206.80294309740458
        ],
        [
            0.0,
            4029.817474554462,
            199.0060662186632
        ],
        [
            0.0,
            0.0,
            1.0
        ]
    ],
    "R": [
        [
            0.8351943892680533,
            0.1381182409428268,
            -0.5323285485994741
        ],
        [
            0.0186058103171187,
            0.9602991344961321,
            0.278351209999926
        ],
        [
            0.5496400239771543,
            -0.2423817728395408,
            0.799466647357821
        ]
    ],
    "T": [
        [
            -66.1571446112495
        ],
        [
            40.89855184201846
        ],
        [
            27.84341000000406
        ]
    ],
    "distCoeffs1": [
        -0.21756250159132803,
        0.023742006277175518,
        0.005417135261100941,
        0.049272957629713586,
        -0.0013578077891629012
    ],
    "distCoeffs2": [
        -0.49544022140241284,
        -0.9454695551954222,
        0.09383100537085007,
        0.07585612659296352,
        1.2682092177390238
    ],
    "F": [
        [
            1.8361625694087009e-07,
            -2.645388066779231e-07,
            0.00014783769971214196
        ],
        [
            5.367747836454415e-07,
            -9.47462123660544e-08,
            9.070430846110156e-05
        ],
        [
            -0.0013528799571346133,
            -0.002202732966487389,
            0.9999999999999999
        ]
    ],
    "E": [
        [
            21.961431810036075,
            -36.651066026463155,
            24.946781258903364
        ],
        [
            59.61727436048064,
            -12.189603185826055,
            38.06858856775993
        ],
        [
            -35.38914831140153,
            -69.17948474844695,
            3.356545489200652
        ]
    ],
    "reprojectionError": 9.530162459826174
}