{
    "Rcommon": [
        [
            -0.003771701170885673,
            -0.00847498162993673,
            0.9999569735526873
        ],
        [
            0.0694214302399892,
            0.9975493416224332,
            0.008716424271696006
        ],
        [
            -0.9975802921538254,
            0.0694513190301101,
            -0.0031741126738060355
        ]
    ],
    "rectHomography1": [
        [
            30.139768409944754,
            -2.0555452579037885,
            -15769.728396001807
        ],
        [
            8.152844561228,
            -0.5712420152956809,
            -4273.948949906938
        ],
        [
            -0.0019090107407994166,
            0.000135259883522699,
            1.0
        ]
    ],
    "rectHomography2": [
        [
            -0.043185139362777486,
            0.007462382871728808,
            111.80574383838221
        ],
        [
            -1.8909255992316973,
            0.13026891898364668,
            4272.948949906938
        ],
        [
            -0.0004423027370386639,
            3.0127748362880296e-05,
            1.0
        ]
    ],
    "res1": [
        1016,
        1016
    ],
    "res2": [
        4096,
        3072
    ],
    "intrinsic1": [
        [
            578.2117312017817,
            0.0,
            561.711431278371
        ],
        [
            0.0,
            568.1446207311872,
            508.65807725794116
        ],
        [
            0.0,
            0.0,
            1.0
        ]
    ],
    "intrinsic2": [
        [
            3219.713616410828,
            0.0,
            2060.8363406972103
        ],
        [
            0.0,
            3218.3486739751975,
            1552.69821085983
        ],
        [
            0.0,
            0.0,
            1.0
        ]
    ],
    "R": [
        [
            0.9952159027612216,
            -0.001762900643739342,
            0.09768418025702509
        ],
        [
            0.0018310011358329645,
            0.9999981391816836,
            -0.000607509679634379
        ],
        [
            -0.09768292750530792,
            0.0007834631392570334,
            0.995217278718322
        ]
    ],
    "T": [
        [
            2.8783861976734766
        ],
        [
            -0.2785003615063621
        ],
        [
            30.503505845278827
        ]
    ],
    "distCoeffs1": [
        -0.28016272362182787,
        0.37972813330240635,
        0.0012951034223890761,
        0.019327239303599798,
        -0.37204329601751046
    ],
    "distCoeffs2": [
        0.1489630772036716,
        -0.617861420778423,
        0.00032265609131589657,
        0.0012595360930221517,
        0.789679021239967
    ],
    "F": [
        [
            2.6179879248785117e-09,
            2.83703805773139e-06,
            -0.0014308861984126998
        ],
        [
            -2.8011747671986237e-06,
            5.213339601860098e-09,
            0.001564716001779733
        ],
        [
            0.0042608790319334615,
            -0.006716561967170513,
            1.0
        ]
    ],
    "E": [
        [
            -0.028647223226364985,
            -30.503667278563945,
            -0.2586371968366398
        ],
        [
            30.638743297470985,
            -0.056029759577372204,
            0.11509028471245975
        ],
        [
            0.2824383170931868,
            2.877889873053137,
            0.025456432038221493
        ]
    ],
    "reprojectionError": 2.3507168998572197
}